id,external_id,message_preview,hash,published_at,created_at,source_id,source_name
52500,13097,"****Enjoy Monkey Family**** ðŸª„

- - - - - - - - - -...- - - - - - - - - - 

****Monkey Millionaire â‚¿****",2ac611e6fbd9689fc11030ee6bc088c1,2025-12-04T15:41:32+00:00,2025-12-04T21:19:35.143519+00:00,238,t.me/MonkeyMillionaires
50235,13084,"****Enjoy Monkey Family**** ðŸª„

- - - - - - - - - -...- - - - - - - - - - 

****Monkey Millionaire â‚¿****",192989cd2934ec9aab7ad5532e1879af,2025-12-03T20:31:30+00:00,2025-12-03T21:12:02.724566+00:00,238,t.me/MonkeyMillionaires
45737,13068,"****Enjoy Monkey Family**** ðŸª„

- - - - - - - - - -...- - - - - - - - - - 

****Monkey Millionaire â‚¿****",789b28ad0a86d67574707ff02c8387b5,2025-12-02T13:48:23+00:00,2025-12-02T20:28:25.065697+00:00,238,t.me/MonkeyMillionaires
59344,13137,"****Enjoy Monkey Family**** ðŸª„

- - - - - - - - - -...- - - - - - - - - - 

****Monkey Millionaire â‚¿****",f94d7e70102e6e3dc62a08fc733f7f2c,2025-12-07T12:11:43+00:00,2025-12-07T22:50:06.153221+00:00,238,t.me/MonkeyMillionaires
61578,13167,"****Enjoy Monkey Family**** ðŸª„

- - - - - - - - - -...- - - - - - - - - - 

****Monkey Millionaire â‚¿****",c05db27754f64c21ab04a3b73d932957,2025-12-08T19:07:21+00:00,2025-12-08T22:57:55.457746+00:00,238,t.me/MonkeyMillionaires
61579,13166,"****Enjoy Monkey Family**** ðŸª„

- - - - - - - - - -...- - - - - - - - - - 

****Monkey Millionaire â‚¿****",b7c9d9983c03d9004e203487368d96dd,2025-12-08T18:30:42+00:00,2025-12-08T22:57:55.472553+00:00,238,t.me/MonkeyMillionaires
61584,13161,"****Enjoy Monkey Family**** ðŸª„

- - - - - - - - - -...- - - - - - - - - - 

****Monkey Millionaire â‚¿****",8f1e3b636fb566162471dece4e7e3f3f,2025-12-08T14:28:21+00:00,2025-12-08T22:57:55.530821+00:00,238,t.me/MonkeyMillionaires
61585,13160,"****Enjoy Monkey Family**** ðŸª„

- - - - - - - - - -...- - - - - - - - - - 

****Monkey Millionaire â‚¿****",2323008555b720dbec5adc6f8b856419,2025-12-08T09:52:38+00:00,2025-12-08T22:57:55.533331+00:00,238,t.me/MonkeyMillionaires
63580,13186,"****Enjoy Monkey Family**** ðŸª„

- - - - - - - - - -...- - - - - - - - - - 

****Monkey Millionaire â‚¿****",5a1e17f67b733d9d4f3b9a60ce56b9ef,2025-12-09T19:35:37+00:00,2025-12-09T23:22:41.085090+00:00,238,t.me/MonkeyMillionaires
63585,13179,"****Enjoy Monkey Family**** ðŸª„

- - - - - - - - - -...- - - - - - - - - - 

****Monkey Millionaire â‚¿****",823cc0f331a189cfea19698b64fcf31f,2025-12-09T09:40:43+00:00,2025-12-09T23:22:41.098368+00:00,238,t.me/MonkeyMillionaires
63579,13178,"****Enjoy Monkey Family**** ðŸª„

- - - - - - - - - -...- - - - - - - - - - 

****Monkey Millionaire â‚¿****",0b3085cb422117d5e2c7dd314a133891,2025-12-09T09:26:22+00:00,2025-12-09T23:22:41.082051+00:00,238,t.me/MonkeyMillionaires
66507,13204,"****Enjoy Monkey Family**** ðŸª„

- - - - - - - - - -...- - - - - - - - - - 

****Monkey Millionaire â‚¿****",50590ff02aba3803719aa2408ad0842b,2025-12-10T19:57:22+00:00,2025-12-11T00:58:55.048197+00:00,238,t.me/MonkeyMillionaires
66514,13199,"****Enjoy Monkey Family**** ðŸª„

- - - - - - - - - -...- - - - - - - - - - 

****Monkey Millionaire â‚¿****",df45f928a30fbf777336b155cd51471a,2025-12-10T17:46:46+00:00,2025-12-11T00:58:55.077750+00:00,238,t.me/MonkeyMillionaires
66504,13198,"****Enjoy Monkey Family**** ðŸª„

- - - - - - - - - -...- - - - - - - - - - 

****Monkey Millionaire â‚¿****",89a85db131fb386fccdb0c0921f3538e,2025-12-10T17:39:23+00:00,2025-12-11T00:58:55.043605+00:00,238,t.me/MonkeyMillionaires
66512,13193,"****Enjoy Monkey Family**** ðŸª„

- - - - - - - - - -...- - - - - - - - - - 

****Monkey Millionaire â‚¿****",e5e51f6df1356c62beec52d111e8c787,2025-12-10T11:47:10+00:00,2025-12-11T00:58:55.073715+00:00,238,t.me/MonkeyMillionaires
69516,13230,"****Enjoy Monkey Family**** ðŸª„

- - - - - - - - - -...- - - - - - - - - - 

****Monkey Millionaire â‚¿****",40687f14846f644824cf5e162e8e91f0,2025-12-11T20:23:04+00:00,2025-12-12T00:10:10.711765+00:00,238,t.me/MonkeyMillionaires
69531,13220,"****Enjoy Monkey Family**** ðŸª„

- - - - - - - - - -...- - - - - - - - - - 

****Monkey Millionaire â‚¿****",9fbeea0659118b59f63d56e3f4d9d63b,2025-12-11T14:13:26+00:00,2025-12-12T00:10:11.646782+00:00,238,t.me/MonkeyMillionaires
72595,13250,"****Enjoy Monkey Family**** ðŸª„

- - - - - - - - - -...- - - - - - - - - - 

****Monkey Millionaire â‚¿****",d7d45780774b0707744db196288cf612,2025-12-12T16:53:03+00:00,2025-12-13T00:10:21.513429+00:00,238,t.me/MonkeyMillionaires
72545,13245,"****Enjoy Monkey Family**** ðŸª„

- - - - - - - - - -...- - - - - - - - - - 

****Monkey Millionaire â‚¿****",bf2b9495799eb2289a165fefdb4d3457,2025-12-12T10:01:10+00:00,2025-12-13T00:10:20.077336+00:00,238,t.me/MonkeyMillionaires
72570,13243,"****Enjoy Monkey Family**** ðŸª„

- - - - - - - - - -...- - - - - - - - - - 

****Monkey Millionaire â‚¿****",cfc92ca21b89379e12b27c020506c64c,2025-12-12T09:22:49+00:00,2025-12-13T00:10:21.367494+00:00,238,t.me/MonkeyMillionaires
75542,13269,"****Enjoy Monkey Family**** ðŸª„

- - - - - - - - - -...- - - - - - - - - - 

****Monkey Millionaire â‚¿****",c3afc90d29309e5692923a17a23d992b,2025-12-13T19:22:19+00:00,2025-12-14T01:53:53.579282+00:00,238,t.me/MonkeyMillionaires
75556,13263,"****Enjoy Monkey Family**** ðŸª„

- - - - - - - - - -...- - - - - - - - - - 

****Monkey Millionaire â‚¿****",1bc55a46c94d9f52583c05ed96c1a663,2025-12-13T18:46:53+00:00,2025-12-14T01:53:57.265922+00:00,238,t.me/MonkeyMillionaires
77867,13288,"****Enjoy Monkey Family**** ðŸª„

- - - - - - - - - -...- - - - - - - - - - 

****Monkey Millionaire â‚¿****",c9b35060318bb03804b030431ad40b68,2025-12-14T19:57:55+00:00,2025-12-15T01:22:59.992504+00:00,238,t.me/MonkeyMillionaires
80662,13317,"****Enjoy Monkey Family**** ðŸª„

- - - - - - - - - -...- - - - - - - - - - 

****Monkey Millionaire â‚¿****",e8bb5502ba921dc5f165125a4e632950,2025-12-15T18:38:37+00:00,2025-12-16T02:04:53.166144+00:00,238,t.me/MonkeyMillionaires
80660,13316,"****Enjoy Monkey Family**** ðŸª„

- - - - - - - - - -...- - - - - - - - - - 

****Monkey Millionaire â‚¿****",d62220ccd1b57ebcab5898c154b75214,2025-12-15T18:27:29+00:00,2025-12-16T02:04:53.160108+00:00,238,t.me/MonkeyMillionaires
80656,13310,"****Enjoy Monkey Family**** ðŸª„

- - - - - - - - - -...- - - - - - - - - - 

****Monkey Millionaire â‚¿****",f422e52a642beb8e6a27ec998f9fbb97,2025-12-15T16:18:29+00:00,2025-12-16T02:04:53.135431+00:00,238,t.me/MonkeyMillionaires
80640,13303,"****Enjoy Monkey Family**** ðŸª„

- - - - - - - - - -...- - - - - - - - - - 

****Monkey Millionaire â‚¿****",ff13263493f2a1adf8c9b0563eb2af36,2025-12-15T14:17:11+00:00,2025-12-16T02:04:53.053184+00:00,238,t.me/MonkeyMillionaires
83989,13332,"****Enjoy Monkey Family**** ðŸª„

- - - - - - - - - -...- - - - - - - - - - 

****Monkey Millionaire â‚¿****",29725f3b9357323c9279fe903bc3fa07,2025-12-16T16:18:59+00:00,2025-12-17T03:09:33.627263+00:00,238,t.me/MonkeyMillionaires
86582,13351,"****Enjoy Monkey Family**** ðŸª„

- - - - - - - - - -...- - - - - - - - - - 

****Monkey Millionaire â‚¿****",20eb19c8fb91c972c0d5afedc76fea8a,2025-12-17T18:40:56+00:00,2025-12-18T03:32:25.839313+00:00,238,t.me/MonkeyMillionaires
86589,13349,"****Enjoy Monkey Family**** ðŸª„

- - - - - - - - - -...- - - - - - - - - - 

****Monkey Millionaire â‚¿****",4ee8b5315d259fa70d8140602ff5cac7,2025-12-17T18:14:42+00:00,2025-12-18T03:32:26.167749+00:00,238,t.me/MonkeyMillionaires
86584,13345,"****Enjoy Monkey Family**** ðŸª„

- - - - - - - - - -...- - - - - - - - - - 

****Monkey Millionaire â‚¿****",a1c32fb3cfc0d1b7b1ee9c9e68ad4aaa,2025-12-17T14:40:01+00:00,2025-12-18T03:32:25.943407+00:00,238,t.me/MonkeyMillionaires
